codigo ,H/W/S,localizacion,resolucion,nombre,p_instalada (MW),FP (MWh/m3/s)
1312003,1,3,12,SAN CARLOS,1240,5.4605
1312004,1,3,12,CALDERAS,19.9,3.6716
1312016,1,3,12,GUATAPE,207,1.561
1312018,1,3,12,NARE,560,7.6858
1212057,1,2,12,NECHI,40,0.636
1112014,1,2,12,GRANDE TASAJERA,306,7.7612
1112030,1,2,12,PORCE II,405,2.23
1112046,1,2,12,PORCE III,700,3.0742
1112048,1,2,12,PESCADERO,1200,1.7019
1112060,1,2,12,QUEBRADONA,19,2.4285
1612080,1,6,12,APORTES AGREGADOS,396,1
